{"note":{"0":67.0,"1":67.0,"2":67.0,"3":67.0,"4":67.0,"5":67.0,"6":67.0,"7":67.0,"8":67.0,"9":67.0},"on_velocity":{"0":34.0,"1":34.0,"2":34.0,"3":34.0,"4":47.6,"5":40.8,"6":27.2,"7":20.825,"8":14.025,"9":4.25},"hold_time":{"0":0.8121428867,"1":0.8549811929,"2":0.2802339192,"3":0.4265981317,"4":0.8121428867,"5":0.8121428867,"6":0.8121428867,"7":0.8121428867,"8":0.8121428867,"9":0.8121428867},"off_velocity":{"0":70.0,"1":70.0,"2":70.0,"3":70.0,"4":70.0,"5":70.0,"6":70.0,"7":70.0,"8":70.0,"9":70.0},"wait_time":{"0":0.6878561133,"1":0.6450178071,"2":1.2197650808,"3":1.0734008683,"4":0.6878561133,"5":0.6878561133,"6":0.6878561133,"7":0.6878561133,"8":0.6878561133,"9":0.6878561133}}