{"note":{"0":60.0,"1":60.0,"2":60.0,"3":60.0,"4":60.0,"5":60.0,"6":60.0,"7":60.0,"8":60.0,"9":60.0,"10":60.0,"11":60.0,"12":60.0,"13":60.0,"14":60.0,"15":60.0,"16":60.0,"17":60.0,"18":60.0,"19":60.0,"20":60.0,"21":60.0,"22":60.0,"23":60.0,"24":60.0,"25":60.0,"26":60.0,"27":60.0,"28":60.0,"29":60.0,"30":60.0,"31":60.0,"32":60.0,"33":60.0,"34":60.0,"35":60.0,"36":60.0,"37":60.0,"38":60.0,"39":60.0},"on_velocity":{"0":14.0,"1":14.0,"2":14.0,"3":14.0,"4":14.0,"5":14.0,"6":14.0,"7":14.0,"8":14.0,"9":14.0,"10":14.0,"11":14.0,"12":14.0,"13":14.0,"14":14.0,"15":14.0,"16":14.0,"17":14.0,"18":14.0,"19":14.0,"20":14.0,"21":14.0,"22":14.0,"23":14.0,"24":14.0,"25":14.0,"26":14.0,"27":14.0,"28":14.0,"29":14.0,"30":14.0,"31":14.0,"32":14.0,"33":14.0,"34":14.0,"35":14.0,"36":14.0,"37":14.0,"38":14.0,"39":14.0},"hold_time":{"0":0.725,"1":0.890625,"2":0.9135416667,"3":0.8510416667,"4":1.015625,"5":1.31875,"6":1.2895833333,"7":1.0083333333,"8":0.0552083333,"9":0.0552083333,"10":0.078125,"11":0.0489583333,"12":0.046875,"13":0.0458333333,"14":0.0458333333,"15":0.053125,"16":0.165625,"17":0.09375,"18":0.13125,"19":0.1677083333,"20":0.8541666667,"21":0.8947916667,"22":0.9145833333,"23":0.9614583333,"24":0.8697916667,"25":0.978125,"26":1.0385416667,"27":0.9520833333,"28":0.9875,"29":1.071875,"30":0.93125,"31":0.7916666667,"32":0.9541666667,"33":0.8354166667,"34":0.8333333333,"35":0.8177083333,"36":0.7791666667,"37":0.8875,"38":0.8572916667,"39":1.0760416667},"off_velocity":{"0":108.0,"1":105.0,"2":100.0,"3":103.0,"4":102.0,"5":66.0,"6":30.0,"7":95.0,"8":103.0,"9":101.0,"10":68.0,"11":112.0,"12":122.0,"13":122.0,"14":122.0,"15":116.0,"16":30.0,"17":64.0,"18":74.0,"19":68.0,"20":106.0,"21":99.0,"22":79.0,"23":109.0,"24":69.0,"25":90.0,"26":85.0,"27":91.0,"28":79.0,"29":47.0,"30":63.0,"31":79.0,"32":57.0,"33":76.0,"34":71.0,"35":92.0,"36":67.0,"37":51.0,"38":76.0,"39":107.0},"wait_time":{"0":0.6572916667,"1":0.6572916667,"2":0.6572916667,"3":0.6572916667,"4":0.6572916667,"5":0.6572916667,"6":0.6572916667,"7":0.6572916667,"8":0.6572916667,"9":0.6572916667,"10":0.6572916667,"11":0.6572916667,"12":0.6572916667,"13":0.6572916667,"14":0.6572916667,"15":0.6572916667,"16":0.6572916667,"17":0.6572916667,"18":0.6572916667,"19":0.6572916667,"20":0.6572916667,"21":0.6572916667,"22":0.6572916667,"23":0.6572916667,"24":0.6572916667,"25":0.6572916667,"26":0.6572916667,"27":0.6572916667,"28":0.6572916667,"29":0.6572916667,"30":0.6572916667,"31":0.6572916667,"32":0.6572916667,"33":0.6572916667,"34":0.6572916667,"35":0.6572916667,"36":0.6572916667,"37":0.6572916667,"38":0.6572916667,"39":0.6572916667}}